speaker,std,skewness,kurtosis,energy,mean_rms,var_rms,mean_zcr
lie_001,0.09450753,-0.5452681719278185,3.547552448402941,857.9014892578125,0.07123006135225296,0.0038335362914949656,0.11069051580698837
lie_002,0.16836482,-0.3283869681635773,7.464563621584361,2721.411865234375,0.13099312782287598,0.011238005943596363,0.1257279534109817
lie_002,0.13021518,-0.5431140379731229,3.9619039156762126,1627.8521728515625,0.10768060386180878,0.005338124465197325,0.1106738768718802
lie_002,0.14040828,-0.34189592592406925,3.8075006046723336,1892.6961669921875,0.11354424059391022,0.006795911584049463,0.1263352745424293
lie_002,0.1268954,-0.30024009803886154,2.3317594870497604,1545.92236328125,0.1054912731051445,0.004942646250128746,0.13900582362728786
lie_002,0.117398314,-0.07724399577459394,4.353180748199105,1323.1787109375,0.09296899288892746,0.005108536221086979,0.12497504159733777
lie_002,0.13601765,-0.7509246461703453,5.015718432378318,1776.157958984375,0.11109358072280884,0.006144958082586527,0.140216306156406
lie_002,0.13531806,-0.6715413952441149,3.5044054195206584,1757.908935546875,0.11203525960445404,0.005742007400840521,0.10455490848585691
lie_002,0.14521328,-0.6490716040439868,3.3438396378449315,2024.45703125,0.12221709638834,0.006153605878353119,0.13089434276206324
lie_002,0.12405235,-0.6220631480582179,3.783022129912509,1477.394287109375,0.1003340408205986,0.005243144929409027,0.12211314475873547
lie_003,0.084475614,-1.212124338365403,12.83667650015379,685.1223754882812,0.04283846542239189,0.005282965488731861,0.04230033277870217
lie_004,0.09854792,-0.5449360538778503,2.8052810914750212,932.4193725585938,0.0823347195982933,0.0029183938167989254,0.12230033277870216
lie_004,0.1214825,-0.19376898335909432,24.12557942726972,1416.863525390625,0.06977641582489014,0.009932070970535278,0.07694259567387686
lie_005,0.08832318,-0.30362937810934715,2.2579313289127896,748.9804077148438,0.07364451140165329,0.0023833573795855045,0.13541597337770384
lie_005,0.08518146,-0.38320940745380083,3.1365386403567497,696.658203125,0.07032892853021622,0.0022846474312245846,0.12769550748752082
lie_005,0.10546741,-0.1654780103338012,3.8221316155222578,1067.9449462890625,0.08412658423185349,0.0040209935978055,0.10414309484193013
lie_005,0.09780688,-0.3911816508539303,3.736630925668046,918.4191284179688,0.07876236736774445,0.0033046684693545103,0.12400998336106489
lie_005,0.09610438,-0.37716361106487073,4.268149119822763,886.7787475585938,0.07867255061864853,0.003025167854502797,0.13419717138103163
lie_005,0.09491063,-0.2920441650526333,4.94308206899969,864.8816528320312,0.07749093323945999,0.0029782133642584085,0.11809900166389352
lie_005,0.10291655,-0.4214794098402107,3.5208903175349917,1016.8948974609375,0.08512239903211594,0.0033065523020923138,0.1071422628951747
lie_006,0.13597487,-0.02330330753979076,3.3125695572850162,1775.0662841796875,0.10890845209360123,0.006529627367854118,0.10555740432612312
lie_006,0.12469769,-0.01728683724607868,2.2753448993860577,1492.8416748046875,0.10496512055397034,0.004477100446820259,0.10555740432612314
lie_007,0.06474848,-0.5544182672376444,4.216524781887042,402.46856689453125,0.05547800660133362,0.0011036517098546028,0.10599833610648919
lie_007,0.08078275,-0.2287415079394147,5.266719988962212,626.4833984375,0.06801295280456543,0.0018915417604148388,0.11451331114808654
lie_007,0.07977551,-0.19779048892431708,2.600674800911058,610.9577026367188,0.06969857960939407,0.0015082297613844275,0.11282861896838603
lie_007,0.09040688,-0.314631884920693,4.146869734179389,784.6477661132812,0.07857745885848999,0.0019878873135894537,0.10356073211314475
lie_007,0.06037128,-0.45978851148928873,1.968259615408046,349.8929748535156,0.0526876337826252,0.0008589248755015433,0.09593178036605657
lie_007,0.055466354,-0.35256680960138953,4.708111518542716,295.3455505371094,0.043285220861434937,0.001196978148072958,0.10087354409317803
lie_008,0.13610141,-0.49772572164703205,2.59346969428037,1778.266845703125,0.11792757362127304,0.00461747357621789,0.08797420965058236
lie_009,0.06766756,-0.5214273370231732,2.016622935235249,439.5744323730469,0.05831459164619446,0.0011621068697422743,0.0992595673876872
lie_009,0.05737725,-0.35920943264997884,3.6571223208405845,316.0492248535156,0.0492657795548439,0.0008654313860461116,0.09801580698835274
lie_010,0.11625031,-0.41260970701581423,2.16089584013735,1297.35693359375,0.10338428616523743,0.0028003540355712175,0.09791181364392679
lie_010,0.10689997,-0.44436088079783065,2.8364755275938425,1097.0543212890625,0.08971621841192245,0.0033540555741637945,0.10972129783693843
lie_010,0.09552085,-0.3536869537921518,4.791826904971422,875.9427490234375,0.0751645416021347,0.003462271299213171,0.10871048252911812
lie_011,0.08170395,-0.17983852773817136,5.496708539928569,640.852294921875,0.06767143309116364,0.002083397004753351,0.1274459234608985
lie_011,0.06136511,-0.30951229218267806,3.190495971599284,361.5055847167969,0.051466867327690125,0.0011099756229668856,0.11724209650582364
lie_011,0.05156508,-0.33595054907145905,4.778371811044722,255.25997924804688,0.04151748865842819,0.0009247238049283624,0.11051580698835275
lie_012,0.20772254,-0.09759678023165526,1.025403995622736,4142.291015625,0.17633569240570068,0.01187161635607481,0.06558236272878536
lie_013,0.067300454,-0.4755870547615507,4.8214797251361325,434.81951904296875,0.05652425438165665,0.00132995774038136,0.11739184692179702
lie_013,0.0837766,-0.07446865968845291,4.103674934428476,673.7783813476562,0.0715068131685257,0.0019128072308376431,0.12341514143094842
lie_014,0.1466792,0.0035537002849121255,1.625779772090591,2065.41943359375,0.12889525294303894,0.004858754109591246,0.11045341098169716
lie_014,0.14821395,0.0070797830117320356,3.1632244351415215,2108.867919921875,0.11888416856527328,0.007806316018104553,0.10446339434276207
lie_015,0.13231464,0.15924135171453585,3.1881968874985818,1680.687744140625,0.10996434092521667,0.005348354112356901,0.10138935108153078
lie_015,0.09793731,0.08278190394773013,2.4157906404328457,920.8047485351562,0.08264397829771042,0.0027454046066850424,0.10106073211314476
lie_015,0.0969964,-0.041313297036587746,4.292329493871242,903.1968383789062,0.07582619041204453,0.0036340910010039806,0.12349833610648918
lie_015,0.08557718,0.26112834428113024,8.256843132351145,703.0516967773438,0.05774279311299324,0.003989238291978836,0.0757820299500832
lie_016,0.15547928,0.05534982985436464,4.389733133801611,2320.685546875,0.1245645061135292,0.008611422032117844,0.10412645590682196
lie_016,0.16156095,0.12145105591554817,4.0724171156441455,2505.78662109375,0.13356685638427734,0.00819933507591486,0.10740848585690517
lie_016,0.12189452,0.1928413388440942,4.141864371918358,1426.394287109375,0.09997127950191498,0.004819138441234827,0.12874792013311148
lie_016,0.10211974,0.048497134947776126,5.453118132750747,1001.1302490234375,0.07604169100522995,0.004612527322024107,0.09745840266222963
lie_016,0.10998521,-0.0011561516139192238,4.146719495392981,1161.2877197265625,0.08648423850536346,0.004623429384082556,0.10899334442595673
lie_017,0.16715223,0.03427557799719423,2.5673843537839254,2682.22705078125,0.13925088942050934,0.008466439321637154,0.12004575707154741
lie_017,0.15411367,0.06355236533575265,3.383772207948822,2280.097900390625,0.12239355593919754,0.008674896322190762,0.1048252911813644
lie_017,0.14905621,0.12232166077332307,2.9022019918365194,2132.90478515625,0.12270234525203705,0.00714524369686842,0.1072171381031614
lie_017,0.13434486,-0.10760871043858784,3.142517714403292,1732.66015625,0.10878513753414154,0.0061553162522614,0.14132695507487522
lie_017,0.117796585,-0.008630147316593628,3.0564929134945062,1332.099365234375,0.09886202961206436,0.004079241771250963,0.11362312811980033
lie_017,0.07598223,0.16118782734605613,9.120052045114015,554.2366333007812,0.04083582013845444,0.0041136592626571655,0.056293677204658894
lie_018,0.13281122,0.001346215424980157,3.381968912144023,1693.326904296875,0.11213262379169464,0.005045099183917046,0.13003743760399336
lie_018,0.099037945,0.024563891045030525,2.5074203864867943,941.617431640625,0.08520576357841492,0.0025123858358711004,0.11001247920133113
lie_018,0.121956795,0.24629333367682502,4.7829182250575455,1427.8521728515625,0.09893259406089783,0.00503133237361908,0.1336855241264559
lie_018,0.12910157,0.12205283325904194,3.7487834229771897,1600.052734375,0.10529886931180954,0.005588233005255461,0.11519134775374376
lie_018,0.07586127,-0.3217048533725945,7.3517151639127665,552.4734497070312,0.047565191984176636,0.0034790963400155306,0.07440515806988354
lie_019,0.11461791,0.08322241253050788,3.4221800462842866,1261.1773681640625,0.09558501839637756,0.0039927298203110695,0.13756239600665557
lie_019,0.11272754,0.23271295349731033,3.4637264748386034,1219.91943359375,0.09065689146518707,0.004450538661330938,0.139130615640599
lie_019,0.09430384,0.006659910060830215,3.3772923206279133,853.7486572265625,0.0794883742928505,0.0025674959179013968,0.12463810316139767
lie_019,0.11672645,0.1946845021166685,4.050233071455802,1308.0062255859375,0.09317147731781006,0.0049120900221168995,0.14444675540765392
lie_019,0.12781116,0.15544939729989032,3.918842111553789,1568.2264404296875,0.09853626787662506,0.006602959707379341,0.0862271214642263
lie_020,0.14622372,0.048595730808602376,4.2269417775681015,2052.612060546875,0.11923012137413025,0.007084830664098263,0.13779950083194675
lie_021,0.14826484,-0.0015509357888627041,2.890614441400783,2110.31640625,0.12072812020778656,0.007353563793003559,0.10230033277870217
lie_021,0.12127969,0.12003359403072662,6.406058476318657,1412.0411376953125,0.08690396696329117,0.007117484230548143,0.10410149750415974
lie_022,0.15419488,0.2790452556040408,3.5489212154676206,2282.501953125,0.12746359407901764,0.007505781948566437,0.12169717138103162
lie_022,0.14254323,0.1258437874204003,3.7179116595080783,1950.583251953125,0.11716356128454208,0.006557529792189598,0.10092762063227953
lie_022,0.12294683,0.024287910924279142,3.539522709160786,1451.1285400390625,0.10069455206394196,0.004950776696205139,0.11352745424292845
lie_022,0.15938233,-0.1752246798448133,2.6401403747320167,2438.661865234375,0.13244694471359253,0.00784059427678585,0.10244592346089851
lie_022,0.15271461,0.1843409823722187,3.4045538944401548,2238.888427734375,0.11297046393156052,0.01054610125720501,0.08220465890183028
lie_023,0.12400716,-0.07773038752836836,3.899520246140206,1476.2664794921875,0.10526060312986374,0.0042573921382427216,0.150328618968386
lie_023,0.14020519,-0.01767468090649267,5.417516195673487,1887.1195068359375,0.10997900366783142,0.007554222363978624,0.11331946755407654
lie_023,0.13836642,0.015362191093074427,4.520761731179126,1837.9456787109375,0.11268185079097748,0.00635306304320693,0.12228785357737106
lie_023,0.13384628,-0.013945028113209813,3.332314479074583,1719.8233642578125,0.11267833411693573,0.005133231170475483,0.15505823627287854
lie_023,0.12831885,0.012687452212516841,3.851948462331669,1580.7098388671875,0.10543715208768845,0.005328229628503323,0.14347753743760397
lie_023,0.073685035,-0.1947140889168432,15.733337153961482,521.23046875,0.03891986608505249,0.0038968813605606556,0.05338186356073211
lie_024,0.16689174,0.1154791645254302,1.8210042681182674,2673.873779296875,0.1439804881811142,0.007114270702004433,0.17990016638935105
lie_024,0.12676919,0.0004964505836690317,2.8143629905131053,1542.7608642578125,0.10532212257385254,0.0048879762180149555,0.11201747088186358
lie_024,0.13631201,0.34262376152777374,5.128395683367398,1783.77294921875,0.1109175831079483,0.006276573520153761,0.1151871880199667
lie_024,0.08959104,-0.08210781902581743,8.554865571945665,770.5494995117188,0.05537782236933708,0.00493544852361083,0.07545341098169718
lie_025,0.13932069,0.12163348656809449,4.355262478974222,1863.38427734375,0.1115201935172081,0.006884248927235603,0.12487520798668887
lie_025,0.15501851,0.13313437166224923,1.9412693377508727,2306.950927734375,0.12908874452114105,0.007324978709220886,0.10594841930116472
lie_025,0.13018955,-0.08190827247085249,2.1361655525484142,1627.134765625,0.1138177216053009,0.003954106476157904,0.12316139767054911
lie_025,0.13371468,0.13673344095539866,2.657139239579629,1716.4432373046875,0.11073963344097137,0.005572474095970392,0.12857321131447588
lie_026,0.14756212,0.12360574668523659,3.1197629623127847,2090.359375,0.12417589873075485,0.006328224670141935,0.15047004991680532
lie_026,0.10553137,0.2892646879287807,6.732855695256614,1069.1396484375,0.08405733108520508,0.004022476263344288,0.13475873544093178
lie_026,0.13318913,-0.0016361183117688863,3.299477217331617,1702.9769287109375,0.10369744896888733,0.006921668071299791,0.10593594009983362
lie_027,0.09455256,0.08940672619037185,4.839784687166019,858.258056640625,0.07860548049211502,0.0027541392482817173,0.11329450915141431
lie_027,0.115869075,-0.016225679693732883,2.1135371821333546,1288.861572265625,0.09973622858524323,0.0034471582621335983,0.1495008319467554
lie_027,0.110538766,-0.02418768468505415,9.1690092412744,1173.006591796875,0.08332789689302444,0.005254511255770922,0.1442054908485857
lie_028,0.09619597,0.2866072314876631,5.45873002692087,888.3519897460938,0.08087615668773651,0.002700583077967167,0.1283943427620632
lie_028,0.10959626,0.3474545439942925,5.27943592301529,1153.0887451171875,0.08602501451969147,0.004580134991556406,0.10796173044925125
lie_028,0.094527245,0.09886802254073722,16.589645497644515,857.79833984375,0.05405227839946747,0.006000373512506485,0.10133943427620633
lie_029,0.1058036,0.10294244271349394,3.874684057781347,1074.66259765625,0.08933902531862259,0.003192894160747528,0.11477537437603993
lie_029,0.112077735,0.25781524435201275,4.131968291723054,1205.896484375,0.09199017286300659,0.004084882326424122,0.12576539101497503
lie_030,0.15332486,0.0012057407269969495,2.708362058217178,2256.817138671875,0.1288299858570099,0.006876107770949602,0.07643094841930116
lie_030,0.15335049,0.2122940717131226,3.9780106988076867,2257.571533203125,0.12275179475545883,0.00840497761964798,0.1257529118136439
lie_030,0.091166764,0.14562060128619675,5.316673552668577,797.8924560546875,0.07424359023571014,0.0027604158967733383,0.12685940099833612
lie_030,0.116643675,-0.0207035749418229,5.875490046459591,1306.15185546875,0.07210427522659302,0.008382671512663364,0.05313227953410981
lie_031,0.13907352,0.08378135825063907,3.1879124291462055,1856.778564453125,0.11355479061603546,0.006426262203603983,0.11609400998336106
lie_031,0.115239844,-0.055797031392926674,4.048311115200635,1274.9013671875,0.08408273011445999,0.006127580534666777,0.07489600665557405
lie_032,0.16784248,0.1425946641569944,1.6307445523212385,2716.60498046875,0.14298661053180695,0.007822898216545582,0.05930532445923461
lie_032,0.15351923,0.42741347049082723,2.5430665291938785,2273.616455078125,0.12886789441108704,0.007045232690870762,0.07134359400998336
lie_032,0.10642638,0.40088016313372227,6.732988542946231,1096.922119140625,0.08514799177646637,0.004150798544287682,0.056002495840266224
lie_033,0.2487289,-0.011101009330302988,0.07824399757555422,5939.14306640625,0.23623216152191162,0.006028936710208654,0.03508319467554077
lie_033,0.23786215,-0.05958919631070343,0.25517613555754837,5431.52880859375,0.22619549930095673,0.005252544768154621,0.036684692179700495
lie_033,0.27285743,-0.016908813975289472,-0.018683016511167327,7147.31298828125,0.2592887878417969,0.007172421086579561,0.042179700499168055
lie_033,0.24223466,-0.13076743304618932,0.3690807901694342,5633.0546875,0.22892938554286957,0.00640165526419878,0.03606905158069884
lie_033,0.28604335,0.001132400760220916,0.38042670448654103,7854.861328125,0.26727381348609924,0.010573158971965313,0.03848585690515807
lie_033,0.180438,-0.037393252130647696,3.056536204155397,3125.556884765625,0.1260899156332016,0.016586026176810265,0.016892678868552412
lie_034,0.3341896,0.06743475371838399,0.725822405729212,10721.546875,0.29066354036331177,0.02703912928700447,0.02446339434276206
lie_034,0.2561515,0.21940465891436636,0.7073236233966553,6298.90478515625,0.23540419340133667,0.01006945502012968,0.02578618968386023
lie_034,0.24160762,0.1464886761853459,1.3707923401618354,5603.93359375,0.21267372369766235,0.013369030319154263,0.024430116472545754
lie_035,0.14746082,0.4624183025506162,3.9993696735370827,2087.491455078125,0.10993972420692444,0.009637988172471523,0.12915557404326122
lie_035,0.1690824,0.48590815540570886,5.855606511241097,2744.53076171875,0.11745642125606537,0.014765403233468533,0.12163893510815306
lie_035,0.16925083,0.4542350939444132,3.763940199372848,2750.001220703125,0.13420581817626953,0.010587336495518684,0.10818635607321131
lie_035,0.16748977,0.468928998514059,3.637404122412141,2693.0712890625,0.12788189947605133,0.011619150638580322,0.11829866888519136
lie_035,0.118619524,0.6855292072706718,10.593094871391022,1350.77685546875,0.06547033786773682,0.009764055721461773,0.05974625623960066
lie_036,0.15290308,0.04294040673917865,3.658336975591908,2244.4541015625,0.12398720532655716,0.00799294002354145,0.08027870216306157
lie_036,0.15311134,-0.19052724883971112,3.439713670896581,2250.542724609375,0.12563426792621613,0.007642645388841629,0.0754866888519135
lie_036,0.14741033,-0.06271051979483187,3.4293083669847464,2086.0888671875,0.11996673047542572,0.007276267744600773,0.07967970049916806
lie_036,0.09083612,0.2160954531188882,10.729101782960955,792.11669921875,0.04695197194814682,0.0060450853779911995,0.022974209650582365
lie_037,0.12255926,0.3474365947231505,7.109266940820593,1442.185546875,0.09942470490932465,0.0051104105077683926,0.09247088186356074
lie_037,0.11004396,0.15015486563093944,4.44037629573989,1162.7335205078125,0.08872128278017044,0.004215346649289131,0.12805324459234607
lie_037,0.08349548,0.009102301418636235,9.229146318468151,669.279541015625,0.047424715012311935,0.004698843229562044,0.04821131447587355
lie_038,0.11588587,0.37692770294684613,2.45372285344731,1289.412841796875,0.10370282828807831,0.002647305838763714,0.1490765391014975
lie_038,0.08203684,0.4240113131184108,5.333024727211933,646.1653442382812,0.060707658529281616,0.0030397633090615273,0.07170133111480866
lie_039,0.113472596,0.3085422442147493,3.4836517827879883,1236.3564453125,0.09554295986890793,0.0036852522753179073,0.11701747088186357
lie_039,0.08711316,0.1562301847104226,1.8574826423604431,728.750244140625,0.0760684385895729,0.0018021226860582829,0.1124792013311148
lie_040,0.14453971,0.12589200954600724,2.0733532354602175,2006.059814453125,0.1294133961200714,0.0040796115063130856,0.13851913477537436
lie_040,0.12089742,0.1607213416830746,2.0645750391004816,1403.6805419921875,0.1062292754650116,0.0032583270221948624,0.1047712146422629
lie_041,0.18180987,-0.19704453648660994,2.2372963372967423,3173.307861328125,0.15243974328041077,0.00993937999010086,0.15622296173044922
lie_041,0.18177347,-0.19570236931124382,1.967528316515705,3171.994873046875,0.15869100391864777,0.0076601249165833,0.15274542429284527
lie_041,0.17278089,-0.20930629698185058,2.684568732329363,2866.0009765625,0.14009487628936768,0.009779815562069416,0.15467970049916804
lie_042,0.18501161,-0.37401344563435607,2.68063632460356,3286.018798828125,0.15740974247455597,0.009393665008246899,0.12447587354409319
lie_042,0.16824104,-0.40412666903726835,3.7841850290853936,2717.306640625,0.14230485260486603,0.007975795306265354,0.13697587354409319
lie_042,0.16208126,-0.5555278498381799,4.685827002150188,2521.953857421875,0.1288883239030838,0.009601198136806488,0.14107321131447587
lie_043,0.18339752,0.021838796144107928,3.188677960496303,3261.603271484375,0.16391976177692413,0.006695154123008251,0.14112728785357737
lie_043,0.13800763,0.33509952392632647,7.396861365610077,1839.18359375,0.09318443387746811,0.01049593836069107,0.05103993344425957
lie_044,0.237902,-0.8122866347010217,2.613585696556755,5434.453125,0.20522287487983704,0.014070406556129456,0.09411813643926788
lie_045,0.1408227,0.7304274928537001,7.654796038493766,1903.889404296875,0.1104191243648529,0.007652661297470331,0.17559484193011646
lie_045,0.1333152,0.7399201312423881,8.918668929788971,1706.32568359375,0.10339466482400894,0.007101330440491438,0.18750831946755406
lie_045,0.104184076,1.0744549503203906,15.674424821002773,1042.0440673828125,0.06448207795619965,0.006690398324280977,0.10978785357737104
lie_046,0.13904765,-0.0033367182827870115,3.9721988346761474,1856.0882568359375,0.1173526793718338,0.005492227151989937,0.11836522462562396
lie_046,0.15006071,-0.05779345909762722,3.135756040994762,2161.7490234375,0.12879878282546997,0.00592659879475832,0.13009567387687188
lie_046,0.115461774,0.01911274896047775,2.644139551975157,1279.816650390625,0.10160238295793533,0.002969128545373678,0.11472545757071545
lie_046,0.12331725,0.0737022296714279,3.5602394917557127,1459.8857421875,0.10429883748292923,0.004278361331671476,0.13063643926788687
lie_046,0.08094491,-0.09106149561034166,19.21372610289095,628.99951171875,0.043330125510692596,0.00465270085260272,0.04573211314475874
lie_047,0.107445754,0.08135092240546668,4.694806585214005,1108.2806396484375,0.09115768224000931,0.003201971063390374,0.13480865224625627
lie_048,0.09227009,0.06237851783677262,3.8550810986568322,817.3218383789062,0.083331398665905,0.0015052191447466612,0.08841098169717139
lie_048,0.05598076,0.10914448169852155,6.747077964743978,300.8492126464844,0.03760729730129242,0.0017053148476406932,0.0540973377703827
lie_049,0.082590654,0.007452257371721874,1.3547666797960698,654.8367309570312,0.07765740901231766,0.000781983369961381,0.07644342762063229
lie_049,0.04543005,-0.19493861540316956,17.577994823356605,198.13339233398438,0.02433617226779461,0.0014555490342900157,0.04298252911813644
lie_050,0.11320272,0.1855059180551585,6.102461569594412,1230.22900390625,0.08831516653299332,0.004997242242097855,0.05714226289517471
lie_050,0.07262632,-0.08416290045540897,5.745465378186326,506.36041259765625,0.04999004676938057,0.0027648117393255234,0.04386855241264559
lie_052,0.15681598,0.5647353853680147,3.677648268371332,2424.39990234375,0.13427233695983887,0.007151194382458925,0.05676372712146422
lie_052,0.14893585,0.7902902640226306,4.450842536989013,2192.526123046875,0.1283951997756958,0.006253177300095558,0.05835690515806988
lie_052,0.15478621,0.5280109833930906,2.9585687356207133,2363.4306640625,0.13425429165363312,0.006518163252621889,0.05226289517470882
lie_052,0.1393346,0.6732499096520385,5.534915329494327,1891.4830322265625,0.09762833267450333,0.010135361924767494,0.04147670549084859
lie_053,0.1252801,0.20880002579347987,1.958306918236091,1506.7381591796875,0.11101766675710678,0.0033667944371700287,0.10035357737104825
lie_053,0.12302378,0.16919350646900475,1.4139758034685705,1452.9539794921875,0.11100903898477554,0.0026671921368688345,0.09225873544093177
lie_054,0.11718536,0.11736073422457965,2.9657279093059223,1318.3123779296875,0.10275951772928238,0.003118922933936119,0.12745424292845256
lie_054,0.06309422,0.37680631399572734,12.642820217994327,382.1652526855469,0.03790592774748802,0.0025502380449324846,0.06211730449251249
lie_055,0.11559763,-0.6154491106533057,1.9671229714772451,1282.8299560546875,0.09809505939483643,0.0037104508373886347,0.10355241264559067
lie_055,0.108249016,-0.7048840352396186,2.727788696104864,1124.91357421875,0.08907375484704971,0.0037656775675714016,0.1382279534109817
lie_055,0.11946009,-0.6125196987189588,0.6517237458446963,1369.988525390625,0.10784315317869186,0.0026048989966511726,0.1165765391014975
lie_055,0.107865565,-0.7356843239276392,2.2318639482351363,1116.958251953125,0.09079747647047043,0.0033733861055225134,0.13936772046589016
lie_056,0.12436096,-0.6831191653115398,6.811335702089961,1484.702392578125,0.09506860375404358,0.006410401780158281,0.12676372712146422
lie_056,0.12669566,-0.3951629996035883,6.906593648629174,1540.9722900390625,0.09936332702636719,0.006118320859968662,0.11964642262895174
lie_057,0.14819755,-0.317878820860079,2.3687214241328354,2108.4013671875,0.12940359115600586,0.005143784452229738,0.10295341098169718
lie_057,0.14578407,-0.34643185108736807,2.95098290811689,2040.287353515625,0.12077207118272781,0.006596947088837624,0.12244592346089851
lie_058,0.10867748,-0.9685696260255335,14.061552853714804,1133.839111328125,0.08106104284524918,0.005287554115056992,0.09340266222961731
lie_059,0.1312673,-0.19387253906450766,3.2538884394456833,1654.1859130859375,0.11488710343837738,0.003977309912443161,0.05658485856905158
lie_059,0.12109342,-0.28778815752851644,2.0321159637760706,1407.7081298828125,0.10624634474515915,0.0033384778071194887,0.07055324459234609
lie_059,0.12633808,-0.4147146713656179,5.657498095559388,1532.2860107421875,0.10555186122655869,0.0047870236448943615,0.05906821963394343
lie_059,0.1182228,-0.4059380142603278,1.6820630674751804,1341.7576904296875,0.106302410364151,0.002640253398567438,0.0692054908485857
lie_059,0.12095722,-0.24690749449765334,3.4118509243140434,1404.544677734375,0.10332805663347244,0.003935226704925299,0.07373544093178036
lie_059,0.08327178,-0.32851796475339134,4.587826616630127,665.6825561523438,0.05981055647134781,0.0033199142199009657,0.03562396006655574
lie_060,0.14925832,0.06099322469260816,2.2315343179031153,2138.79052734375,0.12866072356700897,0.00571863679215312,0.11221713810316139
lie_060,0.13260967,0.020635751124078484,4.111586507321477,1688.334228515625,0.11156447231769562,0.005147268064320087,0.10802828618968388
lie_060,0.09654002,0.2503426169783656,8.333650300113074,894.7958984375,0.06651179492473602,0.0048463246785104275,0.07279118136439268
lie_061,0.13220616,-0.34280935111190836,4.469822377335853,1677.933349609375,0.10538850724697113,0.006312685087323189,0.1127620632279534
lie_061,0.12500235,-0.5737787682554932,5.508932737673987,1500.0567626953125,0.10105417668819427,0.005434142425656319,0.10831946755407652
truth_001,0.14760244,-0.1598906032213023,4.596242780473301,2091.501953125,0.11964632570743561,0.007443542126566172,0.16815723793677206
truth_001,0.13955446,-0.33608609850906657,4.988296864918075,1869.643310546875,0.11306145787239075,0.006654826924204826,0.13858985024958403
truth_002,0.14877951,-0.761106360969608,3.9238422261951555,2124.994873046875,0.12210822850465775,0.00716820266097784,0.11856489184692182
truth_002,0.17302215,-0.7224905072724211,1.9200645284906779,2873.920166015625,0.1506105661392212,0.007202700711786747,0.11992096505823625
truth_002,0.11211816,-1.0445529949970016,3.195220003052593,1206.769287109375,0.08433917909860611,0.005438149906694889,0.08699251247920133
truth_003,0.08076361,-0.42369066927850846,10.414041364014315,626.1856689453125,0.05610501393675804,0.003376511624082923,0.07518718801996672
truth_004,0.07577695,-0.4036009747312178,2.0398473612219723,551.2506103515625,0.06589948385953903,0.001403647125698626,0.10550332778702162
truth_004,0.078925826,-0.4804643647218747,3.1403272789808945,598.0127563476562,0.06707277148962021,0.0017217234708368778,0.11709650582362728
truth_004,0.08637892,-0.05966679567445024,2.4527149170948537,716.2877807617188,0.07675451785326004,0.001561567303724587,0.10305324459234609
truth_004,0.096537754,-0.1921391994801327,4.645023538666448,894.6769409179688,0.08099255710840225,0.002727832179516554,0.13354825291181366
truth_004,0.07966407,-0.510703968468984,2.661904189239154,609.2511596679688,0.06824765354394913,0.0016674448270350695,0.10935108153078203
truth_004,0.078325845,-0.31152042791341467,2.9999171176637978,588.9559936523438,0.06877946108579636,0.001372134662233293,0.12436356073211313
truth_004,0.06771246,-0.11742560443082771,3.1311892096885785,440.1584777832031,0.059436678886413574,0.0010421196930110455,0.1458818635607321
truth_004,0.07297138,-0.19130589262997488,5.8092700273189095,511.1830749511719,0.06131873279809952,0.0015792021295055747,0.1166181364392679
truth_004,0.076952934,-0.043871042877057335,5.829987041293872,568.4913940429688,0.06165004149079323,0.0021192666608840227,0.12520382695507487
truth_004,0.06628557,-0.6584233323833716,4.6893485052477955,421.8027648925781,0.04624628648161888,0.0022278218530118465,0.06131031613976705
truth_005,0.055405267,0.0853979605281637,7.557671614440922,294.6955871582031,0.045920584350824356,0.0009601518977433443,0.13735440931780368
truth_005,0.062295824,0.0956783048171962,6.5276898921412485,372.5539245605469,0.05436725541949272,0.0009176830062642694,0.11387687188019967
truth_005,0.085619554,-0.30680757338307113,4.177860032637556,703.7481689453125,0.07161526381969452,0.0021987075451761484,0.11690931780366057
truth_005,0.062921844,-0.26495243267146096,3.9136540420275727,380.07965087890625,0.05158984661102295,0.0012878859415650368,0.11678452579034941
truth_005,0.026735023,-0.10156196399164039,22.046512139494457,68.61717987060547,0.014745191670954227,0.0004995589260943234,0.06102745424292846
truth_006,0.09926809,-0.34533819610212396,1.5916634883859917,945.9998168945312,0.085379458963871,0.0025436163414269686,0.09279118136439267
truth_006,0.08274768,-0.49086799918637414,3.9622694598833457,657.329833984375,0.06813354045152664,0.002180983079597354,0.10396838602329452
truth_006,0.110502005,-0.18684309528041648,8.160999684310752,1172.2275390625,0.07004054635763168,0.007261422462761402,0.06683028286189684
truth_007,0.103770986,-0.4926130310322466,4.371205193325585,1033.7696533203125,0.0825050100684166,0.003957752138376236,0.08691763727121464
truth_007,0.08346229,0.2801435531626721,4.736707206309644,668.7316284179688,0.07234419137239456,0.0017206347547471523,0.10800748752079868
truth_007,0.07145746,0.0717149036957586,4.623998901415602,490.19305419921875,0.05834220349788666,0.0016975549515336752,0.11184276206322795
truth_007,0.07671221,-0.0396766098050279,4.988955155292642,564.937255859375,0.06279981881380081,0.0019405862549319863,0.1055116472545757
truth_007,0.09087093,-0.077287667906122,6.437707127631446,792.7261352539062,0.07382512837648392,0.0028160756919533014,0.11678868552412645
truth_007,0.066653885,-0.10474308057242933,5.039769291072993,426.5038757324219,0.055238086730241776,0.0013781070010736585,0.11261647254575707
truth_007,0.07239004,-0.10555536503443143,3.956078485302882,503.070556640625,0.05692460760474205,0.002000826643779874,0.10337354409317803
truth_008,0.17854959,0.6984968143186016,2.689263680614232,3060.47607421875,0.158643901348114,0.006620919797569513,0.09646006655574044
truth_008,0.121087685,1.1203253025086195,5.9797424176024645,1407.57373046875,0.10093915462493896,0.004492380656301975,0.1197171381031614
truth_008,0.13570665,0.7685090825476505,3.1790794159015414,1767.9644775390625,0.12063571810722351,0.003702498972415924,0.13521214642262896
truth_008,0.1321727,0.8937401703168124,3.356369283175373,1677.0838623046875,0.11759160459041595,0.0037285503931343555,0.10774542429284525
truth_008,0.1242349,1.0276155837336085,3.9720758759534665,1481.69384765625,0.1124093160033226,0.0031561115756630898,0.09779950083194676
truth_008,0.1342868,0.6721414809443258,5.512577960140083,1731.1629638671875,0.09813342243432999,0.008369074203073978,0.07885607321131448
truth_009,0.12846513,0.8072312032290564,3.7273798029249035,1584.3157958984375,0.11325740069150925,0.003524855710566044,0.10386855241264559
truth_009,0.10777091,0.9022228589033998,3.477371226616368,1114.9986572265625,0.09665921330451965,0.0020070401951670647,0.09301996672212978
truth_009,0.10700574,0.9840621415287425,4.867896870728944,1099.2218017578125,0.09339354187250137,0.0027677949983626604,0.114783693843594
truth_009,0.07938745,1.2283889191316884,8.855760052050881,605.0272216796875,0.052135393023490906,0.003440043656155467,0.056576539101497514
truth_010,0.132044,0.667117760655378,2.779031568897766,1673.819091796875,0.11640138179063797,0.003953030798584223,0.12027038269550748
truth_010,0.10251208,1.1378418284793435,3.6652336355032773,1008.8375854492188,0.09322871267795563,0.0017184230964630842,0.10292013311148086
truth_010,0.093417384,1.1093935338600918,4.592022720162684,837.773681640625,0.08332736045122147,0.001820742734707892,0.10943427620632279
truth_010,0.09091479,1.260297449155898,4.652717250896709,793.4879150390625,0.0821475088596344,0.0014366504037752748,0.12876455906821963
truth_010,0.08215293,1.2208872031425373,6.881839565987907,647.9140014648438,0.06392548978328705,0.0025844676420092583,0.09180948419301165
truth_011,0.11986692,0.7434101018756515,4.626028389171276,1379.3358154296875,0.1018577367067337,0.003972331061959267,0.09470881863560733
truth_011,0.12636364,0.7019929714527432,2.135875265069415,1532.90576171875,0.11566842347383499,0.00247315876185894,0.08472545757071548
truth_011,0.093372375,0.9670991060443063,4.0258165056955875,836.9666748046875,0.08445633202791214,0.0016167552676051855,0.11253327787021629
truth_011,0.101983175,0.8939946327541038,3.3923825400735295,998.45458984375,0.09379858523607254,0.0015108053339645267,0.10016222961730449
truth_011,0.07986085,1.0355429643510332,4.863610333707825,612.2646484375,0.06823833286762238,0.001635090447962284,0.10763727121464226
truth_012,0.10291939,1.0345416421285347,3.7528634292808354,1016.8705444335938,0.09374527633190155,0.0017613451927900314,0.1003161397670549
truth_012,0.08575042,1.2290112214375342,7.38918351915548,705.9010009765625,0.077530138194561,0.001342213130556047,0.12324459234608984
truth_012,0.12139813,0.6143854614359543,2.275129743086919,1414.8006591796875,0.10886213183403015,0.0029523500707000494,0.08447171381031614
truth_013,0.13274568,0.686009217412579,3.542584853832225,1691.6558837890625,0.11392728239297867,0.004565547686070204,0.10829866888519135
truth_013,0.107252315,0.9306882867138043,6.855606583629347,1104.293701171875,0.08947025239467621,0.0035268471110612154,0.10779950083194677
truth_014,0.14512046,0.969385732899061,5.211648195863878,2021.7554931640625,0.12439500540494919,0.005517855752259493,0.07658485856905159
truth_014,0.10463615,1.0491924537332271,9.874717815626777,1051.077392578125,0.06478439271450043,0.006721836049109697,0.06180116472545758
truth_015,0.14653529,0.8327034738120118,3.6553282910276694,2061.369140625,0.1259387582540512,0.00563088757917285,0.08831946755407653
truth_015,0.14610489,0.888420370595994,2.3781601613266856,2049.277587890625,0.1334156095981598,0.0035087610594928265,0.09404742096505825
truth_015,0.14923261,0.5922283409172336,2.3879636386614216,2137.95556640625,0.13109727203845978,0.005059226416051388,0.11753327787021631
truth_015,0.104139306,0.9285330425509006,6.493509771337028,1041.1195068359375,0.08346973359584808,0.003926095552742481,0.09343178036605658
truth_015,0.050601546,2.102262173292145,25.01927148721381,245.80966186523438,0.025401316583156586,0.0019081687787547708,0.03185940099833611
truth_016,0.17198697,-0.34868717412324,3.863469225409329,2839.63623046875,0.13395072519779205,0.011612344533205032,0.17238768718801997
truth_017,0.08880874,-1.0199730711268682,23.56818498748929,757.1533203125,0.045813605189323425,0.005756676197052002,0.06278702163061564
truth_018,0.08317956,1.243349002728335,12.603343592719101,664.2108764648438,0.05818058177828789,0.0035110218450427055,0.06549084858569051
truth_019,0.08496368,1.029952963742129,5.523746412945805,693.0120239257812,0.06886284053325653,0.002415984170511365,0.1201497504159734
truth_019,0.056416363,1.727631452786039,13.515858001417545,305.54974365234375,0.032817769795656204,0.0020738462917506695,0.07397254575707155
truth_020,0.11922378,-1.5285540738834422,6.926732187435231,1364.6173095703125,0.09625573456287384,0.005120496265590191,0.09325707154742097
truth_021,0.10505911,-0.8275448063886974,9.37247422492341,1059.593994140625,0.07852982729673386,0.004823998548090458,0.13394342762063227
truth_022,0.08145806,-1.0755529887179454,10.642577507341642,637.006103515625,0.06732659786939621,0.0022056549787521362,0.1376289517470882
truth_022,0.082342,-0.4607031798246182,8.017879472055364,650.9031372070312,0.06311339139938354,0.00271405978128314,0.10000831946755408
truth_022,0.07677114,-0.9550146258192885,7.025283852051997,565.8091430664062,0.06115233153104782,0.0021446803584694862,0.08330698835274543
truth_022,0.054233797,-1.0899943197131452,11.037094312744333,282.3667907714844,0.03612474352121353,0.0016534423921257257,0.0778161397670549
truth_023,0.15084283,-0.5912280736160713,3.250383544885282,2184.351806640625,0.1270298957824707,0.006570686120539904,0.09082778702163061
truth_023,0.13713598,-0.8126602566341686,3.706887081396596,1805.4039306640625,0.11345001310110092,0.0059395343996584415,0.1193926788685524
truth_023,0.1465118,-0.723456121750974,3.0180040899007077,2060.70849609375,0.12009038031101227,0.007009884808212519,0.14422212978369386
truth_024,0.062089622,1.8878386891178562,8.742819808387607,370.2280578613281,0.05358046293258667,0.0009755875798873603,0.09343594009983362
truth_024,0.060069762,2.6931139207073533,23.025040681624084,346.53387451171875,0.0489029660820961,0.0011900359531864524,0.09017054908485857
truth_024,0.047678515,2.5211757684216383,20.70374006049902,218.29534912109375,0.03351198136806488,0.0011249451199546456,0.0860981697171381
truth_025,0.037869718,1.8391186536359174,12.512501813289576,137.69393920898438,0.03090139664709568,0.00046570991980843246,0.07532861896838601
truth_025,0.024671745,2.303745436150994,18.25724368061066,58.45503616333008,0.019190676510334015,0.0002476499939803034,0.08945091514143094
truth_025,0.01848042,3.083226800424656,35.994415276113095,32.792633056640625,0.010334683582186699,0.00022570013243239373,0.05923460898502497
truth_026,0.062984034,0.4928147169933496,6.588271355597509,380.8406982421875,0.05307942256331444,0.0011570287169888616,0.14058236272878538
truth_026,0.05145588,0.5592931943724064,7.944016325633688,254.1835479736328,0.04283140227198601,0.000802676600869745,0.13584858569051583
truth_026,0.049934328,1.072722132505182,25.375364221224217,239.3774871826172,0.03965429589152336,0.0009091273532249033,0.14254575707154746
truth_026,0.059868906,0.3751571175707561,4.75473336991304,344.09588623046875,0.05026121810078621,0.0010441180784255266,0.1266846921797005
truth_027,0.14901394,-1.0643417529553771,5.0392124458270775,2131.697509765625,0.121475450694561,0.007413604762405157,0.08301580698835274
truth_027,0.08896509,-1.0246274719816597,3.427093810766073,759.8220825195312,0.07353893667459488,0.0024744770489633083,0.16789933444259567
truth_027,0.1181521,-0.9943453685262047,2.123400963551841,1340.154052734375,0.09962937980890274,0.004001853056252003,0.10382279534109816
truth_027,0.06220487,-1.9799373445071335,14.426782125818075,371.4670104980469,0.03226533904671669,0.002845869632437825,0.03980865224625624
truth_028,0.14022192,0.450643284033767,3.124399587983561,1887.5709228515625,0.12336672842502594,0.0042663211934268475,0.0849584026622296
truth_028,0.15420963,0.49203023216943925,3.32145413662958,2282.939453125,0.1336977332830429,0.005707496777176857,0.06894758735440931
truth_029,0.5969819,0.016167754570311606,-1.2025705380860494,34280.6015625,0.5643563866615295,0.03813253715634346,0.0351955074875208
truth_029,0.59437066,0.036849564057728976,-1.1831410786647063,33965.9453125,0.563870370388031,0.03492094948887825,0.036123128119800334
truth_030,0.13964194,0.2100785346708078,2.048505219015998,1871.9876708984375,0.12767958641052246,0.0032534231431782246,0.18170133111480863
truth_030,0.11754852,0.04705979634470423,2.8408732849923073,1326.4952392578125,0.1058148592710495,0.00254953489638865,0.1852870216306156
truth_030,0.12616418,0.023173413817935067,1.92596061977226,1528.0703125,0.11687220633029938,0.0024646602105349302,0.1691971713810316
truth_030,0.13011914,0.07964696730555006,2.668707310266572,1625.376953125,0.11715362966060638,0.0031313805375248194,0.17141846921797005
truth_030,0.121761575,0.06103168145420645,3.3314960974599632,1423.3038330078125,0.10667886584997177,0.0033308258280158043,0.1403369384359401
truth_030,0.11961781,0.15933538789464818,2.8066051308528905,1373.6083984375,0.108092300593853,0.002637844532728195,0.1904783693843594
truth_030,0.11949193,0.14441099666863522,3.019066675737501,1370.721923828125,0.10745617747306824,0.0025122680235654116,0.18362312811980033
truth_030,0.107937574,0.05832248678120366,6.524228314004679,1118.45166015625,0.08674317598342896,0.004083648324012756,0.1299459234608985
truth_031,0.649387,-0.027242851995107828,-1.3506312582728244,40655.96875,0.6316245198249817,0.023633534088730812,0.024808652246256238
truth_031,0.6149585,0.03273897404714963,-1.2249558770613234,36341.2890625,0.5912653803825378,0.028943555429577827,0.04309484193011648
truth_032,0.5043436,-0.005540391085569439,-0.6958633901504649,24431.046875,0.46378380060195923,0.038337040692567825,0.04546173044925125
truth_032,0.5513838,-0.0915923859471593,-0.948834037549001,29308.775390625,0.5212166905403137,0.03207793086767197,0.034163893510815314
truth_032,0.5144372,-0.07918375733400204,-0.7105680888494721,25480.70703125,0.4809599220752716,0.03403216227889061,0.05352745424292846
truth_032,0.5514716,-0.17357045539560387,-0.9280613415998586,29340.814453125,0.5178112983703613,0.03631752356886864,0.04955074875207987
truth_033,0.5601737,0.008211563820891554,-1.0956055340206574,30124.5,0.5293846726417542,0.032481614500284195,0.039912645590682194
truth_033,0.5316989,0.03370316294891965,-0.8845622088666691,27140.35546875,0.47224870324134827,0.05877058953046799,0.021218801996672216
truth_034,0.60985047,0.02696452711825571,-1.290582605070286,35704.6640625,0.5847039818763733,0.02835635282099247,0.033556572379367725
truth_034,0.5782815,0.05057390151507544,-1.1615820041154135,32104.1328125,0.5454598069190979,0.03704187273979187,0.025823627287853576
truth_034,0.5947973,0.030623021776470218,-1.2291286293752712,33963.3359375,0.5678004026412964,0.029899651184678078,0.027558236272878536
truth_034,0.5895948,0.0753834605500946,-1.1992359272276107,33373.76953125,0.5575661063194275,0.03621958568692207,0.03300748752079866
truth_035,0.08639627,0.6390376998768202,10.834957225480435,716.5761108398438,0.06670471280813217,0.002989975968375802,0.07601497504159734
truth_035,0.08153085,0.5108178182788674,5.0997380210619365,638.138916015625,0.06509093195199966,0.002419712720438838,0.0582071547420965
truth_035,0.041687675,1.2749680346112695,12.227948782312327,166.8358917236328,0.023950468748807907,0.001155778532847762,0.036177204658901826
truth_036,0.1043075,1.0477914322091693,6.093046676394197,1044.487060546875,0.08450335264205933,0.0038021488580852747,0.07437188019966723
truth_036,0.09635216,0.8289682688798374,4.2302349003808155,891.2449340820312,0.07889371365308762,0.003009738866239786,0.06235440931780365
truth_036,0.10142728,0.8418471235137804,3.6398305085958027,987.6024780273438,0.08430973440408707,0.0029742850456386805,0.08383527454242927
truth_036,0.11768281,0.4323860692114077,5.628073268929155,1329.527587890625,0.09236492216587067,0.005333807785063982,0.04420965058236273
truth_036,0.06883087,1.4113106696433413,11.926171075932649,454.81903076171875,0.040532685816287994,0.003094606101512909,0.048781198003327794
truth_037,0.1567806,0.19514049085184984,4.181123452846807,2359.70166015625,0.13025517761707306,0.007441532798111439,0.14711730449251245
truth_037,0.17277674,0.4193652212597224,4.65052286659425,2865.7900390625,0.14050905406475067,0.010002683848142624,0.12964226289517472
truth_037,0.15766259,0.3596461674435788,6.832822304832021,2386.32275390625,0.10425102710723877,0.013944908045232296,0.08139767054908487
truth_038,0.13405153,-0.37828432628018016,3.199046515607396,1725.1075439453125,0.11097704619169235,0.005620068404823542,0.060757071547420965
truth_038,0.11118529,-0.2362968529407031,10.285330392461994,1186.777587890625,0.07221177220344543,0.0068990071304142475,0.022225457570715475
truth_039,0.22468604,0.34968961141769134,1.2950423062041923,4846.48046875,0.1987684816122055,0.010943126864731312,0.06292013311148086
truth_039,0.21472628,0.18885992997728915,0.677258484667941,4426.31689453125,0.19747294485569,0.006961767561733723,0.06415141430948419
truth_039,0.18106996,0.3449605217825835,1.0203719733680288,3147.498291015625,0.16726085543632507,0.004685492720454931,0.08271630615640599
truth_039,0.15366906,0.4638421385638449,3.421287482022297,2266.962890625,0.11423355340957642,0.010518504306674004,0.04145174708818636
truth_040,0.13349846,0.02835598322372238,6.80205367238287,1710.9190673828125,0.1046002060174942,0.006821329239755869,0.04753743760399334
truth_040,0.10599602,-0.32167800498809535,8.609503732472415,1078.587158203125,0.0701553076505661,0.006272834725677967,0.04006239600665557
truth_041,0.10886414,0.7119523119431912,5.298525236098881,1137.740966796875,0.08830853551626205,0.004074296448379755,0.06358153078202997
truth_041,0.07385996,0.6249557904005261,5.959531489951791,523.7109375,0.06014838069677353,0.0017917908262461424,0.10316139767054909
truth_041,0.08950607,0.884801395721158,8.809129406046932,769.0892944335938,0.07207849621772766,0.002847036113962531,0.07415557404326123
truth_041,0.07105131,0.6106370369274896,7.038527501013975,484.63897705078125,0.05899403989315033,0.0016229978064075112,0.07949667221297838
truth_041,0.06455836,0.7719918170908064,11.663795567813642,400.10699462890625,0.04109129682183266,0.0024518046993762255,0.04250415973377704
truth_042,0.10718884,0.42033278193914514,3.336755568635084,1102.9891357421875,0.09592542052268982,0.002408452797681093,0.14515806988352747
truth_042,0.102324024,0.5748476026179582,5.677241489946695,1005.1498413085938,0.0857076346874237,0.003087648656219244,0.13105657237936774
truth_042,0.114509426,0.33489648113998455,3.5908182529576784,1258.794677734375,0.09931591898202896,0.0031181583181023598,0.10958402662229617
truth_043,0.12272204,0.4287264290961946,5.317933909286472,1445.8397216796875,0.10276014357805252,0.004620020277798176,0.12245008319467554
truth_043,0.067527406,0.1440071777084623,2.6954942619953535,437.7578430175781,0.05944966897368431,0.0010126805864274502,0.13851497504159735
truth_043,0.09015781,0.32867777136406345,5.830867567468513,780.3338623046875,0.07213392853736877,0.0028536426834762096,0.08414725457570717
truth_044,0.14673989,0.01206860746851693,-0.29750128814836385,2067.1396484375,0.13142816722393036,0.004229034297168255,0.10306156405990018
truth_044,0.16361555,-0.03345155743116378,-0.44011118799581794,2569.928466796875,0.1448339819908142,0.005725866183638573,0.0903036605657238
truth_044,0.08772107,0.18902028169586257,13.530021398185266,738.7188110351562,0.04632660001516342,0.005538809113204479,0.07044093178036606
truth_045,0.10743341,-0.1508327297101265,1.7683675472556324,1108.0267333984375,0.08763071894645691,0.003830773988738656,0.16739184692179698
truth_045,0.12342052,-0.050532988112032905,1.1868851145600559,1462.3358154296875,0.10451500862836838,0.0043307216838002205,0.11168053244592346
truth_045,0.12523134,-0.054911670767276474,1.1056026473073945,1505.557373046875,0.1052844449877739,0.004569969605654478,0.1379658901830283
truth_045,0.10038999,-0.19322884660738315,1.74657460780681,967.5176391601562,0.08224690705537796,0.0032813556026667356,0.14369800332778704
truth_045,0.09073261,-0.08849079071588527,7.391051927770773,790.3177490234375,0.06373992562294006,0.004131370224058628,0.1317304492512479
truth_046,0.12440004,0.1753539142150375,-0.022971611349641652,1485.642333984375,0.11129874736070633,0.0030374908819794655,0.11512895174708818
truth_046,0.12344456,0.20294955041799068,3.2929213200096115,1462.9022216796875,0.10283254086971283,0.0045212190598249435,0.162063227953411
truth_046,0.13753663,0.09042454236087945,-0.5674149997989621,1815.967529296875,0.12983596324920654,0.0019951341673731804,0.163914309484193
truth_046,0.12644157,0.14032657755160044,0.07777429538115088,1534.7978515625,0.11648870259523392,0.002413044683635235,0.12617720465890184
truth_046,0.12276688,0.18719034734346016,0.7640086399242798,1446.8865966796875,0.10248866677284241,0.004538751672953367,0.14304076539101498
truth_047,0.11403393,0.7699314088945021,6.009301266933049,1248.359619140625,0.09368713945150375,0.004207266494631767,0.2047504159733777
truth_047,0.09495073,1.134756403844984,7.0492007406975254,865.5025634765625,0.08094087988138199,0.002431276021525264,0.2045881863560732
truth_047,0.10083713,0.9433870146871007,5.112209657311672,976.1403198242188,0.08403877913951874,0.0030637909658253193,0.16486688851913475
truth_047,0.09975151,1.2975916079289556,5.637233213970825,955.2371826171875,0.08473386615514755,0.002715248381718993,0.13141014975041596
truth_048,0.13418362,0.7628615851370107,3.808358499145415,1728.50341796875,0.10584895312786102,0.006849886383861303,0.1380241264559068
truth_048,0.12472063,0.8386402148560601,4.06160904386691,1493.3026123046875,0.09937780350446701,0.0051938691176474094,0.10119384359400997
truth_048,0.088881716,1.1870948958106635,9.814715122144465,758.3961181640625,0.05937016010284424,0.004280115477740765,0.0957154742096506
truth_049,0.12509917,0.2617847835062514,2.2885078508666696,1502.38330078125,0.1120598092675209,0.003146845381706953,0.10758319467554077
truth_049,0.12278384,0.17075319698435726,3.209781256119043,1447.2894287109375,0.10891738533973694,0.0031588124111294746,0.09715474209650582
truth_049,0.1013333,0.43406135127669465,5.442396828719916,985.7723999023438,0.08896469324827194,0.002324918983504176,0.11719633943427621
truth_049,0.08543123,0.2794847800382274,3.7477882810067102,700.6575927734375,0.07065699994564056,0.002294144593179226,0.061913477537437596
truth_050,0.14334667,0.32169297117857565,2.691227472379822,1972.633544921875,0.12710246443748474,0.004608353599905968,0.13897254575707155
truth_050,0.13706985,0.2645747851724987,2.8919468771134245,1803.662109375,0.12118178606033325,0.003933908883482218,0.12091514143094839
truth_050,0.14520483,0.1655870202031084,3.420155743893604,2024.10791015625,0.12335944175720215,0.005614196415990591,0.14408485856905157
truth_051,0.17003396,-0.6387777232777486,2.1192738257720833,2775.948974609375,0.15160129964351654,0.005853575188666582,0.07902662229617305
truth_051,0.18181732,-0.5810033312619278,2.6109040462232596,3173.975830078125,0.1601479947566986,0.007295813411474228,0.10514975041597338
truth_051,0.18246642,-0.5021155790276953,2.291613776983252,3196.6240234375,0.15558947622776031,0.009182692505419254,0.07660981697171382
truth_051,0.16681166,-0.6539377251091791,3.270141851485856,2671.57861328125,0.13250000774860382,0.010150807909667492,0.07107321131447587
truth_052,0.1560349,0.10346984081677595,2.9363048173026254,2337.3701171875,0.13419309258460999,0.006277409382164478,0.09967138103161398
truth_052,0.11770282,-0.03802022241524671,3.2704749776614825,1330.0250244140625,0.0983060970902443,0.004183084703981876,0.08642262895174709
truth_052,0.13021359,-0.0019176002179658474,1.674247386386602,1627.78173828125,0.11698964238166809,0.0031894345302134752,0.07242928452579035
truth_052,0.18179363,0.10351030968662071,2.641305648480495,3172.728759765625,0.15208964049816132,0.009912443347275257,0.08627287853577373
truth_053,0.12819363,0.17081002570997808,2.5808683791066604,1577.7149658203125,0.11025284975767136,0.0042890869081020355,0.10426788685524126
truth_053,0.10071094,0.48013367876601315,2.8505733741681425,973.8290405273438,0.08961394429206848,0.0020845597609877586,0.07286189683860234
truth_053,0.097618856,0.2970330273157336,2.2379980941633715,914.967041015625,0.0832294225692749,0.0025748591870069504,0.08969217970049917
truth_053,0.090121955,0.34656387436274017,4.944093439595219,779.7978515625,0.06666196882724762,0.0036720293574035168,0.06101913477537438
truth_054,0.122038886,0.5934005120203037,2.938109783953725,1429.776123046875,0.10438472777605057,0.003977134358137846,0.11771214642262896
truth_054,0.09564328,0.7016318764429428,3.2531883417097216,878.1734619140625,0.08344046771526337,0.002156230853870511,0.13429284525790347
truth_054,0.08496916,0.5766207289654206,5.447185051885807,693.0967407226562,0.05416961386799812,0.004260219633579254,0.06361896838602331
truth_055,0.15350215,0.531470600170819,2.5198494907147913,2262.0419921875,0.12699106335639954,0.007363936863839626,0.09358985024958404
truth_055,0.12937757,0.48056192971510564,3.347948053219394,1606.9031982421875,0.1078171581029892,0.005167051684111357,0.15050748752079868
truth_055,0.114906415,0.8580944042657185,7.122337927645324,1267.5361328125,0.0908026248216629,0.004961266182363033,0.1590640599001664
truth_056,0.09279256,0.384388282841225,7.473444979202085,826.6041259765625,0.07613705098628998,0.002810161793604493,0.1005116472545757
truth_056,0.04929122,0.25462656847831155,1.1415445110719222,233.24432373046875,0.04306887090206146,0.0005634991684928536,0.10964642262895176
truth_056,0.057731494,0.709517713339104,2.6775270964995634,319.9609375,0.04979921504855156,0.0008502510609105229,0.09248752079866888
truth_056,0.039661672,1.2739736205850343,11.911029200889724,151.01263427734375,0.02282274328172207,0.0010460794437676668,0.05569467554076538
truth_057,0.121576466,-0.5494788829993801,1.927275356693392,1419.1617431640625,0.10539469122886658,0.0036410971079021692,0.07527870216306157
truth_057,0.1123897,-0.5553095008408624,2.827749618280941,1212.9061279296875,0.09439384937286377,0.0037070801481604576,0.11940515806988353
truth_057,0.08724865,-0.3066591187978848,3.2548646963314845,731.0076293945312,0.0716395452618599,0.002478301292285323,0.16428036605657237
truth_057,0.12213871,-0.37609938296650064,2.039279453739585,1432.29541015625,0.10408695042133331,0.004029787145555019,0.11840682196339436
truth_057,0.09144569,-0.2767081332693845,2.5532847545656923,803.0267944335938,0.0761730819940567,0.0025476557202637196,0.15133527454242926
truth_058,0.08866963,-0.4357326929339858,2.543249115951369,754.8909301757812,0.07249932736158371,0.0025755988899618387,0.14600665557404327
truth_058,0.098543115,-0.5915978888700739,2.925786678400737,932.3468627929688,0.08337552100419998,0.002714447444304824,0.141522462562396
truth_058,0.07278767,-0.7882004704455933,3.5436776639201693,508.7361145019531,0.061546020209789276,0.0015088258078321815,0.11849417637271215
truth_059,0.117543235,-0.25878227466002796,2.814022737289404,1326.61474609375,0.0983022004365921,0.00412039365619421,0.13131031613976704
truth_059,0.12041551,-0.1603482568335335,2.3550438660295097,1392.2508544921875,0.10304857045412064,0.003923621028661728,0.1375332778702163
truth_059,0.11561818,0.11877236238248787,3.3493820534789345,1283.521484375,0.09265151619911194,0.004717776086181402,0.18553660565723792
truth_059,0.10087829,-0.24066757554386434,5.83027516412745,977.018310546875,0.06414062529802322,0.0060180239379405975,0.06564475873544093
truth_060,0.08280687,0.42471167200001664,4.821270745808008,658.3474731445312,0.06698401272296906,0.0023557604290544987,0.12181780366056573
truth_060,0.118240535,0.47592058334450354,4.0177645609432915,1342.2413330078125,0.10185977816581726,0.0035744751803576946,0.11643094841930116
truth_060,0.049857043,0.5248329387561792,5.3591668216030275,238.64718627929688,0.03175141289830208,0.0014802311779931188,0.07192595673876871
